origem_uf,destino_uf,distancia_km,peso_kg,tipo_carga,modal,prazo_dias,frete_final_r$
BA,PE,2173,1650.94,Frágil,Ferroviário,5,7763.96
RJ,MG,914,26192.43,Perecível,Rodoviário,2,6361.64
BA,PR,56,2382.06,Comum,Ferroviário,8,520.65
MG,GO,557,21788.82,Comum,Ferroviário,10,2480.28
GO,MG,900,11132.73,Inflamável,Aéreo,5,6592.3
PR,PR,2226,6791.72,Frágil,Ferroviário,4,8254.83
PR,RJ,2480,2830.64,Inflamável,Ferroviário,9,9889.48
MG,PE,2432,2382.46,Inflamável,Ferroviário,11,9970.46
ES,ES,397,214.81,Inflamável,Rodoviário,10,1672.24
BA,SC,2364,28721.47,Comum,Aéreo,14,13087.03
RS,PR,2732,10326.49,Comum,Ferroviário,7,8989.03
GO,RS,1091,7983.12,Comum,Rodoviário,3,5688.28
SC,PR,650,10059.15,Inflamável,Aéreo,6,5613.88
MG,RS,2304,1406.75,Perecível,Aéreo,8,14682.7
BA,GO,1064,26590.41,Perecível,Rodoviário,8,4846.36
GO,ES,226,22295.3,Frágil,Rodoviário,10,1759.68
ES,RS,2123,15697.82,Comum,Aéreo,3,16401.19
MG,BA,1716,4624.26,Comum,Rodoviário,14,6115.24
PR,GO,1687,22661.32,Frágil,Aéreo,2,15580.02
RS,GO,266,4995.99,Frágil,Aéreo,13,1365.27
GO,RS,1443,15429.02,Comum,Ferroviário,13,4706.12
PE,MG,2117,25591.64,Frágil,Ferroviário,3,11470.04
RS,ES,2248,24250.19,Comum,Rodoviário,14,8406.61
BA,SC,2621,20340.76,Inflamável,Rodoviário,3,16998.38
PR,RJ,1055,10093.04,Comum,Aéreo,7,5463.1
SC,ES,1278,20668.04,Frágil,Ferroviário,2,7477.79
GO,PR,1129,2066.33,Inflamável,Ferroviário,3,6566.19
RJ,GO,1222,1408.7,Perecível,Ferroviário,12,4917.42
SP,SP,964,4123.15,Comum,Ferroviário,3,4801.48
PE,PE,2312,12087.5,Industrial,Aéreo,1,16897.5
MG,BA,168,25965.85,Comum,Rodoviário,1,2358.34
MG,SC,1706,9218.75,Industrial,Rodoviário,1,8106.77
SC,MG,1212,29189.7,Frágil,Ferroviário,11,5405.38
ES,ES,2905,963.21,Industrial,Ferroviário,1,12804.28
SC,GO,2341,27386.89,Inflamável,Rodoviário,1,16104.35
ES,PR,2889,3256.28,Comum,Aéreo,5,14972.98
RJ,MG,72,20458.68,Industrial,Ferroviário,13,570.79
GO,RS,60,25876.59,Industrial,Ferroviário,1,940.04
MG,RS,1157,10283.42,Frágil,Rodoviário,1,7227.24
RS,RJ,2460,16065.74,Inflamável,Aéreo,10,16783.64
RS,SP,865,28947.08,Inflamável,Aéreo,7,6880.51
SC,SP,1317,15132.34,Comum,Aéreo,2,10297.93
PE,GO,1077,21643.75,Perecível,Aéreo,7,7530.98
MG,BA,521,29615.76,Frágil,Ferroviário,3,3882.85
PR,SP,381,9195.03,Comum,Aéreo,6,2460.79
SC,RS,1801,3431.19,Perecível,Ferroviário,7,6624.25
SP,PE,2412,17518.66,Perecível,Ferroviário,8,9878.15
MG,RS,2212,19317.48,Comum,Rodoviário,13,8783.48
MG,PE,2880,8998.22,Perecível,Ferroviário,8,11294.71
PE,MG,1660,11499.66,Perecível,Rodoviário,9,7315.81
GO,SP,373,21485.04,Comum,Aéreo,14,3035.03
BA,PR,1181,18211.37,Inflamável,Aéreo,10,8984.52
PE,GO,1872,7699.98,Frágil,Aéreo,13,12181.84
GO,GO,551,18628.14,Comum,Rodoviário,11,2046.51
BA,GO,2975,21398.17,Industrial,Ferroviário,2,13572.29
MG,RJ,1800,5161.73,Frágil,Rodoviário,9,7617.37
RJ,BA,177,11588.83,Comum,Aéreo,1,1539.79
RJ,BA,1547,14703.09,Perecível,Aéreo,11,9644.53
RS,MG,2527,28799.22,Comum,Aéreo,5,14366.04
RJ,PR,2527,23109.72,Frágil,Aéreo,7,16308.58
RJ,SP,2682,7366.21,Perecível,Aéreo,14,17153.57
MG,BA,166,5157.83,Frágil,Rodoviário,11,1340.79
RJ,SP,2218,13874.65,Comum,Rodoviário,5,8540.18
SP,BA,370,20905.38,Frágil,Aéreo,1,3739.46
SC,PR,904,19041.71,Industrial,Ferroviário,1,4608.29
ES,RS,1314,14186.3,Frágil,Aéreo,6,8540.48
RS,RJ,1177,29165.46,Inflamável,Ferroviário,8,5685.54
RJ,PE,1450,14889.45,Comum,Ferroviário,6,5126.42
BA,GO,704,23498.05,Perecível,Ferroviário,5,3252.59
PR,PE,2135,18580.84,Industrial,Ferroviário,4,7188.08
ES,SP,1755,16628.5,Inflamável,Aéreo,11,12703.78
ES,ES,2650,29362.81,Industrial,Ferroviário,7,9191.71
SP,ES,774,5934.68,Perecível,Rodoviário,6,3638.42
BA,RJ,369,7924.98,Comum,Aéreo,6,2349.05
PR,GO,428,933.53,Frágil,Rodoviário,9,2439.88
SP,SP,1923,23503.22,Industrial,Ferroviário,10,6552.91
SC,MG,2098,17855.72,Inflamável,Ferroviário,4,8927.46
MG,MG,253,24375.68,Perecível,Aéreo,10,2532.69
PE,SP,397,4756.96,Frágil,Rodoviário,11,1601.55
RJ,ES,1669,15625.1,Industrial,Rodoviário,2,8809.12
MG,SP,2188,19999.75,Inflamável,Aéreo,2,22082.53
PE,PR,2382,1271.46,Perecível,Aéreo,11,14394.48
RS,RS,2795,11535.22,Perecível,Ferroviário,9,10891.47
BA,RJ,2614,24788.15,Industrial,Aéreo,10,14719.83
PR,GO,2776,19882.55,Perecível,Rodoviário,11,12207.4
PR,RJ,2889,20257.28,Frágil,Ferroviário,4,10668.96
MG,MG,2448,14427.32,Perecível,Aéreo,9,15803.83
SC,BA,1059,18417.68,Comum,Rodoviário,1,5923.77
MG,PR,2118,18913.88,Industrial,Aéreo,13,11532.27
ES,GO,2327,28857.92,Inflamável,Aéreo,12,17270.25
ES,RJ,280,555.87,Perecível,Aéreo,9,1092.2
SP,PE,1081,3551.38,Comum,Ferroviário,2,4932.38
SP,PR,1922,17768.51,Inflamável,Rodoviário,13,9459.21
ES,SP,132,16771.54,Inflamável,Ferroviário,4,573.24
GO,SC,397,26024.08,Perecível,Ferroviário,2,2771.24
SP,ES,1563,1599.32,Industrial,Aéreo,3,11351.13
GO,SC,802,14536.14,Industrial,Aéreo,11,4740.38
RJ,SP,2874,5731.59,Frágil,Ferroviário,11,10576.38
PE,SP,2748,11764.14,Frágil,Ferroviário,7,10283.06
SC,BA,102,13736.03,Inflamável,Ferroviário,9,424.74
PE,BA,1378,4284.81,Frágil,Aéreo,4,8688.1
ES,PR,1823,26170.22,Industrial,Ferroviário,14,5763.08
SC,MG,524,11608.86,Inflamável,Aéreo,12,4673.27
SC,PR,2801,23265.3,Frágil,Rodoviário,10,11528.83
SC,MG,70,8288.89,Perecível,Rodoviário,4,313.35
PR,PE,2795,24839.77,Comum,Rodoviário,7,10317.86
GO,PE,1479,27273.83,Perecível,Aéreo,4,10873.99
MG,SP,1556,21302.19,Perecível,Aéreo,7,10631.59
PE,RJ,2552,28236.37,Inflamável,Ferroviário,14,11367.93
PR,RJ,1726,28977.18,Industrial,Aéreo,5,9623.88
RJ,BA,200,630.0,Perecível,Rodoviário,8,273.51
SP,SC,2544,24570.91,Perecível,Ferroviário,8,9704.25
BA,RJ,1841,14249.41,Inflamável,Rodoviário,1,12562.59
RJ,RJ,1044,2374.79,Inflamável,Aéreo,8,7245.13
PR,BA,740,23163.23,Industrial,Rodoviário,5,3038.17
PR,GO,2500,12796.73,Industrial,Rodoviário,11,9065.55
PE,GO,772,28422.67,Industrial,Rodoviário,6,3131.81
RJ,PR,2642,14600.43,Frágil,Rodoviário,11,10802.43
SC,RJ,1873,822.18,Inflamável,Aéreo,2,17526.63
ES,RJ,500,14494.71,Comum,Ferroviário,10,2149.99
SC,GO,2714,22558.55,Comum,Ferroviário,10,8853.06
MG,SP,190,15064.84,Comum,Ferroviário,7,1002.15
MG,SP,99,5343.74,Frágil,Rodoviário,11,444.41
RJ,SP,84,19030.17,Frágil,Aéreo,5,1309.67
BA,SC,1340,8192.99,Inflamável,Ferroviário,9,5473.18
ES,ES,1037,24684.25,Perecível,Ferroviário,12,5483.0
GO,RJ,671,5503.06,Industrial,Rodoviário,10,2727.92
PR,SC,506,12568.28,Frágil,Aéreo,4,3668.51
PE,SC,1241,26405.45,Frágil,Ferroviário,2,6566.57
SC,ES,2657,9047.13,Comum,Aéreo,14,13953.37
BA,SC,2236,3161.9,Frágil,Ferroviário,11,8085.83
RJ,SP,1655,941.26,Industrial,Ferroviário,12,4887.06
PE,GO,2051,29340.98,Industrial,Rodoviário,3,10677.87
MG,SC,1122,9280.98,Industrial,Aéreo,3,8798.12
GO,MG,187,15469.2,Perecível,Ferroviário,6,960.23
PR,PE,1344,16710.61,Comum,Aéreo,12,8043.39
RJ,SP,2677,7963.51,Frágil,Ferroviário,9,9794.24
ES,SC,2294,19752.57,Comum,Ferroviário,5,7194.25
RS,BA,1012,27616.13,Frágil,Rodoviário,1,6232.02
PR,MG,1126,9863.1,Frágil,Ferroviário,6,3797.66
ES,RS,1134,26083.36,Perecível,Ferroviário,5,5036.41
GO,BA,615,21066.17,Inflamável,Rodoviário,13,3312.58
MG,MG,195,25741.72,Comum,Rodoviário,9,1337.56
GO,SC,1792,12313.66,Industrial,Ferroviário,11,6079.71
RJ,GO,991,29023.28,Inflamável,Rodoviário,13,4605.83
RS,SC,201,29095.05,Perecível,Rodoviário,1,1705.09
RS,RS,1410,23909.9,Industrial,Ferroviário,2,6433.02
ES,GO,2713,1934.49,Industrial,Aéreo,10,13806.46
SC,PE,533,18572.26,Industrial,Ferroviário,5,2036.35
ES,MG,2052,5287.49,Industrial,Aéreo,11,10413.1
BA,SP,2967,15102.48,Inflamável,Ferroviário,4,12729.65
MG,RJ,343,26561.59,Inflamável,Rodoviário,8,2117.7
PE,SP,1486,20424.34,Comum,Rodoviário,10,5127.09
RJ,ES,2316,12273.52,Perecível,Ferroviário,11,9361.09
BA,SP,2099,10156.36,Perecível,Rodoviário,2,12472.21
SC,ES,140,1989.63,Comum,Ferroviário,7,416.18
BA,RS,1696,17743.96,Inflamável,Ferroviário,8,6696.66
RS,ES,1364,3287.4,Comum,Aéreo,10,7531.03
RS,SP,1246,2544.64,Industrial,Rodoviário,11,4069.98
ES,BA,641,19202.86,Industrial,Rodoviário,14,2850.02
SP,MG,1311,9327.0,Inflamável,Aéreo,3,12974.38
PR,MG,1844,12327.8,Frágil,Ferroviário,1,9311.32
BA,BA,2366,22568.63,Frágil,Rodoviário,7,9899.2
ES,BA,1686,8256.88,Perecível,Rodoviário,1,10005.11
RS,RJ,296,23510.04,Perecível,Aéreo,7,2352.23
SP,SC,2406,11822.58,Perecível,Rodoviário,12,10407.18
BA,RJ,813,7976.75,Industrial,Rodoviário,6,2577.36
SC,RJ,2406,2900.72,Industrial,Ferroviário,6,7335.23
RJ,SP,1032,25672.77,Perecível,Aéreo,13,7803.8
MG,ES,2016,26393.28,Frágil,Ferroviário,11,7593.43
SC,MG,296,23596.62,Comum,Rodoviário,10,1432.49
RS,RJ,1959,24118.78,Industrial,Aéreo,3,15518.29
GO,RS,2787,15056.38,Comum,Ferroviário,10,8787.22
PE,ES,2032,6866.81,Frágil,Ferroviário,8,7375.04
SP,MG,718,26966.63,Inflamável,Rodoviário,3,5374.22
MG,BA,1191,5418.18,Perecível,Ferroviário,2,6573.71
MG,BA,1052,26470.93,Perecível,Aéreo,8,7886.81
ES,RJ,355,27389.34,Comum,Rodoviário,8,1998.62
PE,GO,1616,4181.89,Industrial,Aéreo,5,8286.87
PE,ES,2267,3201.63,Inflamável,Ferroviário,2,12786.39
GO,ES,320,24709.25,Inflamável,Rodoviário,3,3102.21
RJ,ES,605,10445.61,Inflamável,Aéreo,8,4319.55
RJ,GO,1916,13980.83,Inflamável,Rodoviário,10,9236.53
BA,PE,759,18556.57,Comum,Aéreo,5,4820.7
GO,ES,303,12015.8,Inflamável,Aéreo,4,2282.7
PE,SP,1905,20401.98,Comum,Ferroviário,3,8577.16
SP,PE,233,13288.26,Comum,Rodoviário,12,977.57
SP,RJ,258,7346.96,Comum,Ferroviário,14,879.83
PR,RJ,1336,1162.98,Inflamável,Rodoviário,3,8582.12
PE,SC,2300,23947.44,Frágil,Rodoviário,11,9911.23
ES,PR,949,1316.3,Inflamável,Rodoviário,9,4074.9
ES,GO,1404,29492.15,Frágil,Aéreo,2,13431.69
PE,SP,2139,14785.72,Comum,Rodoviário,2,10958.1
MG,PE,526,18558.89,Inflamável,Rodoviário,11,2639.47
ES,GO,1424,22800.59,Industrial,Rodoviário,3,7684.44
RS,SC,625,15031.58,Comum,Aéreo,10,3469.17
PR,PE,2295,7061.91,Comum,Rodoviário,3,11519.34
RS,RJ,2095,8710.5,Comum,Ferroviário,4,6817.54
SP,RS,1823,23861.94,Industrial,Rodoviário,7,7064.06
MG,PR,1046,25974.45,Frágil,Ferroviário,3,6070.2
SC,MG,1550,199.83,Inflamável,Rodoviário,6,6748.52
BA,BA,1130,13334.04,Perecível,Aéreo,6,7825.14
PE,SP,1431,14309.19,Comum,Aéreo,5,8119.45
SP,RS,2651,21650.56,Perecível,Aéreo,10,17067.29
PE,SC,1715,15866.52,Comum,Ferroviário,14,5711.36
PR,RS,1343,2030.7,Industrial,Aéreo,1,9743.57
RJ,PE,67,22737.93,Comum,Aéreo,8,801.85
PE,BA,80,17992.68,Frágil,Ferroviário,1,973.12
ES,RJ,769,16213.65,Frágil,Ferroviário,7,2952.71
PR,BA,1312,24958.83,Perecível,Ferroviário,12,5244.51
RS,ES,1702,2267.35,Inflamável,Aéreo,2,16230.06
BA,ES,1114,4436.38,Frágil,Rodoviário,8,4660.56
RS,MG,2022,14565.1,Industrial,Rodoviário,11,7285.11
ES,BA,2344,23969.18,Frágil,Aéreo,1,20945.82
SP,ES,1217,6361.97,Perecível,Aéreo,8,8037.82
BA,RJ,2867,18147.64,Perecível,Ferroviário,5,10547.77
BA,RS,448,24229.65,Frágil,Ferroviário,2,3145.16
RS,RS,2099,25915.31,Inflamável,Aéreo,13,15130.45
RJ,RJ,115,4593.28,Industrial,Rodoviário,4,327.66
MG,MG,2525,28838.61,Perecível,Ferroviário,4,9735.27
GO,GO,1351,13525.97,Perecível,Ferroviário,10,5490.7
MG,GO,127,19881.41,Comum,Ferroviário,14,1163.74
PE,BA,1000,1408.31,Comum,Aéreo,2,7573.65
GO,PE,2772,25510.01,Comum,Ferroviário,14,9212.13
SP,RS,2962,13383.3,Comum,Aéreo,7,16364.6
SP,RJ,2056,7428.2,Frágil,Rodoviário,13,7936.34
RJ,RJ,1733,8054.79,Industrial,Rodoviário,10,6346.72
RJ,GO,2455,3853.62,Comum,Aéreo,10,13460.04
PR,RJ,2438,5199.4,Inflamável,Ferroviário,5,9754.13
SC,SC,1434,17074.05,Comum,Rodoviário,6,5956.66
GO,PE,1781,11621.47,Industrial,Aéreo,3,13518.03
RJ,SC,402,22269.91,Inflamável,Aéreo,2,4465.0
RJ,SC,288,22891.17,Industrial,Rodoviário,2,1909.11
SP,PR,1573,10043.77,Inflamável,Aéreo,11,10725.31
RJ,RJ,208,20698.32,Comum,Ferroviário,6,905.61
MG,ES,1198,27545.21,Perecível,Ferroviário,10,5296.59
SP,BA,1914,18697.35,Perecível,Rodoviário,11,8135.02
RS,PE,1749,9802.87,Inflamável,Ferroviário,7,7780.94
MG,GO,1025,218.42,Inflamável,Rodoviário,13,4962.27
RJ,SC,1334,29093.18,Comum,Aéreo,2,11070.19
SC,RS,582,27937.34,Perecível,Aéreo,14,4388.87
SC,SC,2300,5997.89,Industrial,Aéreo,7,11750.33
BA,SP,2607,13204.3,Comum,Aéreo,10,14041.97
GO,RJ,1332,18308.8,Inflamável,Rodoviário,14,6757.46
PR,BA,429,5029.0,Inflamável,Aéreo,9,3485.03
SC,RS,2098,10629.6,Industrial,Aéreo,12,11574.94
GO,PR,2789,25361.5,Inflamável,Aéreo,3,27990.22
GO,GO,208,23858.83,Comum,Aéreo,3,2626.29
GO,PE,688,5728.52,Frágil,Ferroviário,8,2165.98
SC,ES,2524,20217.1,Comum,Ferroviário,7,8886.24
PR,SP,1382,3706.87,Frágil,Ferroviário,11,4916.71
PE,ES,1538,16903.02,Comum,Aéreo,6,9243.61
SC,SP,770,17214.91,Perecível,Rodoviário,11,3542.71
PR,GO,805,14284.55,Industrial,Aéreo,3,6988.09
RJ,PR,1990,23137.83,Perecível,Rodoviário,13,8769.52
GO,ES,484,12628.38,Industrial,Ferroviário,3,2846.58
MG,PE,2207,12497.26,Inflamável,Ferroviário,4,9917.78
SP,BA,649,9099.27,Industrial,Ferroviário,9,2366.78
RJ,RS,2387,26687.67,Perecível,Aéreo,12,15954.66
GO,MG,2354,8686.34,Frágil,Aéreo,7,14816.16
PR,SC,2535,2797.29,Frágil,Rodoviário,5,10080.87
GO,RJ,1449,18469.71,Inflamável,Ferroviário,2,8755.75
SC,GO,1754,28488.84,Comum,Rodoviário,7,6638.66
PR,ES,2284,24028.24,Frágil,Rodoviário,14,9871.18
PR,PR,1277,10742.08,Comum,Ferroviário,7,3772.45
PR,GO,1518,4115.82,Inflamável,Rodoviário,6,7061.89
BA,PR,2671,29449.57,Inflamável,Ferroviário,13,11685.6
SP,PR,111,5989.94,Industrial,Aéreo,13,989.73
SP,SC,1591,14827.3,Comum,Rodoviário,14,5821.0
MG,PE,616,11061.81,Inflamável,Aéreo,13,4298.44
SP,BA,2451,5741.32,Perecível,Aéreo,6,15364.4
RS,BA,454,4480.01,Comum,Aéreo,1,4185.29
BA,ES,2269,25979.25,Industrial,Ferroviário,10,7257.37
ES,GO,2572,24347.4,Comum,Aéreo,12,13913.81
MG,RS,2678,19735.22,Comum,Rodoviário,1,13573.26
MG,RS,1315,21656.03,Comum,Ferroviário,1,6853.93
SP,GO,2077,19990.66,Industrial,Ferroviário,10,6862.91
RS,PR,321,6778.45,Industrial,Ferroviário,11,1584.07
RJ,RS,1578,8585.65,Inflamável,Aéreo,6,11314.83
MG,GO,2887,2840.85,Inflamável,Rodoviário,3,18958.92
PE,RS,704,21549.33,Frágil,Aéreo,3,7881.73
SC,MG,1038,13444.44,Comum,Rodoviário,6,3636.11
SC,RS,1583,14696.51,Perecível,Rodoviário,11,6827.54
RS,MG,1647,24704.65,Industrial,Ferroviário,2,8411.92
BA,GO,2597,25841.79,Frágil,Rodoviário,8,11208.12
SP,BA,286,10053.49,Comum,Aéreo,6,1459.84
SP,SP,2452,11643.73,Frágil,Aéreo,8,14936.32
PR,RJ,2167,15712.11,Inflamável,Aéreo,14,15656.5
PR,ES,2045,6879.22,Frágil,Ferroviário,2,10662.88
GO,PR,471,15877.29,Comum,Rodoviário,1,2667.15
SC,PR,1967,6519.51,Frágil,Ferroviário,14,7234.89
GO,BA,2629,4967.55,Inflamável,Ferroviário,11,10837.77
SP,BA,1912,8373.66,Frágil,Aéreo,2,17001.06
RS,ES,2111,24566.62,Frágil,Rodoviário,7,8879.21
PE,MG,390,3402.85,Industrial,Rodoviário,3,1898.3
RJ,RJ,2453,28684.55,Industrial,Rodoviário,1,12799.0
ES,SC,2193,10537.37,Comum,Ferroviário,14,7119.86
PR,SP,621,27323.33,Inflamável,Aéreo,1,7535.3
RS,SP,1639,8720.88,Comum,Rodoviário,7,5743.92
SC,MG,955,5985.82,Perecível,Rodoviário,13,4331.55
MG,GO,1415,9740.18,Frágil,Rodoviário,2,8094.92
SP,RJ,976,13934.85,Inflamável,Rodoviário,4,4765.93
MG,RS,850,9568.1,Frágil,Rodoviário,10,3826.63
BA,PR,842,20931.81,Frágil,Ferroviário,6,3764.46
GO,BA,2117,25277.11,Frágil,Rodoviário,11,9314.02
ES,MG,799,16202.0,Perecível,Rodoviário,6,3311.71
RJ,PR,1628,29383.25,Comum,Ferroviário,11,5883.4
SP,PR,1888,17201.87,Frágil,Aéreo,12,11912.92
GO,RS,1465,10753.89,Industrial,Ferroviário,3,6627.9
RJ,RJ,380,3556.77,Frágil,Rodoviário,8,2052.79
SP,BA,769,20881.25,Frágil,Aéreo,7,5637.7
GO,BA,1404,2194.33,Industrial,Ferroviário,9,4394.97
RJ,SC,781,8488.91,Industrial,Aéreo,10,4483.84
BA,SC,2516,16439.21,Frágil,Rodoviário,3,14692.6
MG,RJ,976,4193.75,Frágil,Aéreo,8,6121.53
PE,PE,2983,21620.38,Comum,Ferroviário,13,9859.67
GO,BA,2822,17433.76,Perecível,Rodoviário,13,12036.91
PR,BA,1127,4507.06,Industrial,Rodoviário,9,4092.14
SC,SC,837,3777.36,Perecível,Rodoviário,10,4012.48
PR,ES,187,14447.12,Comum,Aéreo,13,1645.47
PE,MG,322,25320.37,Perecível,Ferroviário,12,782.81
RJ,PR,1604,24835.57,Industrial,Ferroviário,6,5970.61
SC,MG,2855,8288.51,Comum,Rodoviário,2,14395.95
ES,BA,2711,18335.79,Perecível,Aéreo,11,17504.3
GO,PR,380,8260.13,Frágil,Aéreo,10,3010.91
RS,SC,1087,3648.91,Inflamável,Aéreo,1,10544.98
SP,ES,772,2597.96,Comum,Ferroviário,9,2493.85
GO,RJ,775,24078.72,Perecível,Ferroviário,14,3425.49
RS,MG,1381,14703.44,Frágil,Rodoviário,9,6479.48
PR,RS,2339,28013.43,Perecível,Rodoviário,3,14486.57
PE,SP,373,11385.05,Inflamável,Ferroviário,14,1693.63
SP,PR,1745,27368.1,Frágil,Aéreo,10,11000.66
PR,ES,1197,28748.25,Frágil,Rodoviário,1,7239.15
PE,RJ,501,12400.09,Comum,Aéreo,5,2394.65
GO,RS,398,1336.09,Inflamável,Ferroviário,2,2522.79
GO,BA,58,5686.76,Perecível,Ferroviário,3,633.21
MG,GO,899,231.37,Comum,Ferroviário,14,2752.89
SC,ES,1984,25858.0,Frágil,Aéreo,9,12836.06
ES,SC,276,20828.77,Frágil,Rodoviário,9,1253.09
ES,ES,1450,674.42,Frágil,Ferroviário,8,4599.69
MG,MG,387,15664.43,Perecível,Rodoviário,4,2584.62
BA,PE,1477,22488.92,Frágil,Ferroviário,10,5949.98
SP,PE,137,13250.63,Perecível,Aéreo,2,2196.69
BA,MG,2067,20482.9,Comum,Rodoviário,2,11083.67
RS,ES,407,29342.03,Inflamável,Aéreo,13,4502.7
PE,GO,1648,6275.74,Comum,Aéreo,4,8954.92
PE,ES,458,17727.46,Industrial,Ferroviário,1,2544.9
PE,BA,1204,1262.49,Inflamável,Ferroviário,10,5279.8
MG,SC,2179,11577.42,Comum,Aéreo,1,15750.73
PR,RJ,1728,20618.91,Industrial,Aéreo,2,13251.85
RS,RS,2438,27860.05,Inflamável,Rodoviário,7,11889.43
ES,PR,2681,11192.59,Comum,Ferroviário,2,12117.44
PE,BA,2880,25600.98,Frágil,Ferroviário,11,11114.41
GO,MG,308,5364.0,Perecível,Rodoviário,13,1559.7
GO,MG,2999,25352.81,Frágil,Aéreo,12,18919.75
RJ,SP,609,16323.08,Comum,Aéreo,3,4907.41
PR,MG,106,12278.58,Frágil,Aéreo,6,661.61
MG,BA,240,13760.85,Frágil,Ferroviário,9,973.47
RS,SP,1535,11770.97,Inflamável,Ferroviário,10,6493.72
GO,RJ,1019,24989.61,Frágil,Rodoviário,13,4763.92
SP,RJ,2631,29358.19,Inflamável,Ferroviário,5,11406.03
SC,ES,473,29813.96,Inflamável,Aéreo,6,5042.85
SC,ES,337,4596.85,Comum,Rodoviário,3,2047.64
SC,PR,1305,23826.99,Frágil,Ferroviário,6,4837.28
MG,GO,528,8475.82,Industrial,Ferroviário,14,1671.62
GO,PR,2783,22190.1,Comum,Aéreo,11,14915.98
GO,GO,1095,27642.55,Perecível,Rodoviário,9,6013.84
PR,ES,579,25837.91,Comum,Aéreo,2,4882.17
BA,BA,1621,29009.44,Industrial,Ferroviário,12,5960.83
SC,BA,1197,26682.43,Frágil,Ferroviário,2,6820.65
BA,SC,588,17901.7,Comum,Rodoviário,7,2741.11
PE,PR,2569,5679.34,Inflamável,Rodoviário,6,12111.65
SP,RJ,1481,6991.84,Inflamável,Rodoviário,6,6855.98
SP,RJ,1473,6978.81,Inflamável,Rodoviário,14,7381.48
MG,ES,512,27424.32,Comum,Rodoviário,6,2398.73
PR,SP,842,1569.07,Industrial,Ferroviário,12,2614.79
ES,PR,442,18758.65,Inflamável,Rodoviário,12,2761.95
GO,RJ,433,13103.59,Inflamável,Rodoviário,10,2247.24
RJ,MG,1855,4985.57,Inflamável,Ferroviário,12,7658.81
BA,ES,214,10250.76,Inflamável,Ferroviário,4,998.58
SP,GO,1647,25265.97,Perecível,Rodoviário,9,7654.76
RJ,SP,103,23323.01,Perecível,Aéreo,8,1467.66
SP,RJ,1423,238.48,Frágil,Rodoviário,11,5683.68
PE,PE,95,10883.76,Frágil,Aéreo,14,1017.24
PE,RJ,2752,25578.11,Comum,Rodoviário,3,14351.5
BA,PE,2493,21152.74,Perecível,Aéreo,2,23021.02
MG,GO,81,5918.78,Frágil,Rodoviário,6,589.37
GO,GO,778,29611.13,Perecível,Ferroviário,13,3119.99
SC,BA,1332,6499.23,Perecível,Rodoviário,4,6028.39
SP,MG,1447,24329.93,Comum,Ferroviário,10,4552.32
SP,RS,772,21588.62,Inflamável,Aéreo,8,6452.36
ES,SC,241,9583.77,Inflamável,Aéreo,12,1843.62
RS,GO,565,741.46,Perecível,Rodoviário,7,2122.72
BA,PE,284,314.93,Inflamável,Ferroviário,7,1394.37
PR,RS,517,28470.79,Frágil,Aéreo,9,4479.37
SC,PE,401,28047.46,Frágil,Aéreo,6,3757.1
ES,BA,736,1450.43,Frágil,Rodoviário,10,3350.03
ES,BA,2747,13250.68,Industrial,Aéreo,7,14547.99
PE,PE,531,12851.15,Perecível,Ferroviário,10,1989.83
GO,SC,361,12478.28,Industrial,Rodoviário,2,1592.95
MG,PE,274,13918.34,Perecível,Ferroviário,2,1927.96
PR,RS,1237,4095.14,Inflamável,Rodoviário,14,5720.87
ES,SP,1686,23096.48,Industrial,Rodoviário,12,6148.45
ES,MG,2475,24366.34,Industrial,Rodoviário,8,9208.26
SC,SP,2854,14165.58,Frágil,Rodoviário,14,11841.36
RS,ES,1529,12689.43,Comum,Aéreo,9,8436.43
RJ,GO,1247,4853.4,Comum,Ferroviário,1,5506.82
GO,PE,2730,2822.5,Comum,Ferroviário,7,8444.9
ES,PE,1772,22396.68,Inflamável,Rodoviário,4,9168.87
GO,SC,1815,28845.93,Frágil,Aéreo,10,11697.08
BA,BA,964,6629.67,Frágil,Aéreo,1,8233.78
PR,ES,2909,21417.76,Frágil,Rodoviário,6,12422.47
PR,RS,1272,11591.9,Perecível,Ferroviário,8,4444.44
BA,BA,1856,21002.05,Perecível,Ferroviário,8,7678.95
SC,RJ,2519,20427.06,Perecível,Ferroviário,13,9596.9
GO,ES,969,29803.27,Frágil,Aéreo,5,7168.01
SP,ES,147,29728.79,Frágil,Aéreo,1,2532.23
MG,SP,426,4638.36,Inflamável,Rodoviário,8,2133.43
SP,MG,2769,12501.89,Frágil,Aéreo,4,17071.45
PE,GO,1527,29705.15,Comum,Ferroviário,13,5416.69
MG,RS,1474,1198.78,Perecível,Rodoviário,13,6048.37
PE,GO,1276,17998.78,Inflamável,Ferroviário,6,5422.09
SC,GO,2018,5400.48,Perecível,Rodoviário,14,8884.0
RJ,BA,1780,11362.37,Frágil,Aéreo,11,10852.2
BA,BA,1241,23318.67,Industrial,Rodoviário,8,4711.72
PR,PE,2938,19075.09,Industrial,Ferroviário,8,9759.73
RJ,SP,1007,3973.39,Comum,Ferroviário,5,2952.07
RJ,SP,1255,14616.41,Inflamável,Aéreo,3,12999.29
SC,PE,1002,3637.04,Perecível,Aéreo,4,6569.69
ES,SC,1116,4372.24,Comum,Rodoviário,8,3799.82
MG,PE,281,3866.09,Industrial,Rodoviário,12,902.62
SP,SC,596,8114.19,Perecível,Ferroviário,10,2878.41
RJ,RS,2280,29291.62,Frágil,Ferroviário,10,8575.17
RJ,MG,1548,4702.0,Comum,Aéreo,12,8293.76
RS,RJ,2655,25410.29,Perecível,Ferroviário,11,10761.28
RJ,BA,994,13357.52,Industrial,Aéreo,1,8149.52
SP,PR,660,4823.54,Industrial,Aéreo,4,3638.95
PR,PR,551,4204.47,Perecível,Ferroviário,4,2029.47
ES,RS,2419,8249.19,Frágil,Aéreo,1,20890.71
MG,PR,1498,18369.65,Frágil,Rodoviário,10,6930.23
PR,MG,929,25280.49,Inflamável,Ferroviário,4,4538.71
SC,RJ,734,17441.11,Industrial,Aéreo,8,4671.4
PE,BA,237,24306.74,Frágil,Aéreo,5,2234.97
BA,SP,1530,4209.47,Comum,Rodoviário,14,5416.4
PE,SP,2155,5991.74,Perecível,Rodoviário,12,9233.54
SC,RS,2986,10362.25,Industrial,Aéreo,7,16033.57
SC,SC,1626,10056.12,Frágil,Aéreo,1,14096.46
SC,ES,1427,24048.1,Perecível,Rodoviário,4,6781.89
PE,PE,900,15073.34,Comum,Aéreo,13,5023.65
PR,SC,2509,14708.74,Comum,Aéreo,3,19002.71
SP,SP,1737,2064.31,Perecível,Aéreo,2,15242.44
PR,MG,518,12293.1,Frágil,Aéreo,4,3661.37
PR,MG,1648,26375.25,Frágil,Ferroviário,5,6604.09
SP,SC,745,6260.76,Frágil,Aéreo,3,6513.78
GO,ES,1119,13376.42,Perecível,Aéreo,10,7623.5
SC,MG,573,28764.29,Perecível,Ferroviário,14,2806.13
SC,SP,2606,13911.48,Frágil,Aéreo,11,16002.53
GO,PE,1706,22478.01,Frágil,Rodoviário,13,6735.39
SP,RS,134,12289.26,Inflamável,Rodoviário,2,768.41
MG,MG,2065,9620.92,Inflamável,Rodoviário,9,10079.02
ES,PE,2438,24606.51,Frágil,Ferroviário,7,9256.85
MG,ES,1251,22756.6,Inflamável,Ferroviário,2,7651.16
SC,ES,1103,14186.2,Frágil,Rodoviário,1,6549.46
PE,ES,2191,4862.71,Comum,Aéreo,2,16066.44
BA,PE,2392,26272.09,Industrial,Rodoviário,12,8879.07
SP,SP,253,19775.08,Comum,Rodoviário,6,1499.8
PE,PR,615,8797.86,Frágil,Ferroviário,1,3767.41
BA,PE,233,7289.8,Comum,Rodoviário,3,1295.76
SC,RJ,654,14908.78,Perecível,Rodoviário,5,3141.6
RJ,GO,683,23152.9,Comum,Ferroviário,13,2535.97
RS,PE,409,22086.72,Frágil,Aéreo,10,3158.88
SP,PR,1748,21961.81,Comum,Ferroviário,4,6431.03
SP,RJ,616,17198.06,Frágil,Ferroviário,14,2791.71
PR,SC,2275,14411.86,Frágil,Aéreo,14,14388.63
ES,ES,913,22981.44,Inflamável,Ferroviário,9,3757.02
ES,MG,482,2472.84,Perecível,Aéreo,3,4418.3
SC,PR,467,18639.57,Industrial,Rodoviário,10,2163.69
BA,PE,461,20441.48,Perecível,Ferroviário,2,3397.59
SC,SC,2899,12068.43,Frágil,Ferroviário,10,10567.7
RJ,ES,2252,11533.84,Frágil,Rodoviário,14,9224.28
BA,ES,1312,12221.89,Frágil,Rodoviário,8,4922.34
ES,RS,986,3541.98,Perecível,Ferroviário,10,3552.17
MG,SC,2880,19732.6,Comum,Aéreo,10,16083.11
PR,ES,1804,8346.16,Comum,Ferroviário,10,5884.18
RS,BA,2546,13057.04,Perecível,Ferroviário,9,9523.57
GO,SP,1134,18642.89,Comum,Rodoviário,8,4654.28
RS,GO,1518,22255.05,Frágil,Ferroviário,4,5648.4
SC,SP,2852,12951.08,Frágil,Aéreo,3,25270.72
BA,ES,834,10357.67,Perecível,Aéreo,8,5708.22
BA,SC,1124,18179.58,Perecível,Rodoviário,10,5423.61
RJ,PE,1535,24245.39,Comum,Rodoviário,10,5808.32
PE,SC,2906,29218.81,Perecível,Aéreo,8,19651.01
SC,RJ,2727,21264.06,Perecível,Rodoviário,3,16325.6
MG,PR,2909,19015.23,Frágil,Aéreo,3,25937.75
PE,PR,1347,10452.08,Comum,Rodoviário,8,4867.21
PR,MG,2615,1659.65,Industrial,Ferroviário,4,8120.3
SP,SP,2640,17947.33,Perecível,Rodoviário,8,11585.35
GO,RJ,1695,4075.89,Comum,Aéreo,14,8436.53
BA,GO,1954,11763.83,Industrial,Rodoviário,13,6476.11
GO,SC,833,27477.12,Industrial,Ferroviário,14,3485.7
RS,PR,346,16967.39,Comum,Rodoviário,2,2542.03
RJ,PE,2568,8769.66,Inflamável,Rodoviário,3,16508.32
SC,MG,1252,12246.71,Industrial,Aéreo,1,10104.36
ES,GO,1803,2033.27,Perecível,Rodoviário,4,7105.86
MG,PR,218,29650.5,Industrial,Ferroviário,4,999.0
PE,RS,2084,8157.81,Frágil,Ferroviário,14,7521.14
RJ,PE,2833,6046.31,Inflamável,Rodoviário,4,13499.06
MG,RJ,2704,20401.2,Frágil,Rodoviário,14,11202.45
ES,BA,2541,6275.43,Perecível,Ferroviário,8,10030.07
RJ,SP,2518,28491.09,Industrial,Rodoviário,1,12965.06
SC,BA,2690,21675.94,Industrial,Aéreo,10,15083.02
SP,RS,332,25425.13,Industrial,Rodoviário,2,1363.59
PR,SC,365,25248.03,Perecível,Rodoviário,11,1795.11
ES,SP,1711,24595.47,Frágil,Rodoviário,9,7565.9
RS,PR,553,25896.61,Comum,Rodoviário,8,2260.01
BA,ES,1402,28899.16,Frágil,Aéreo,11,9087.84
GO,RJ,382,20558.34,Frágil,Ferroviário,6,1664.51
PR,ES,1442,25827.08,Comum,Rodoviário,13,5939.18
PE,PR,2817,5544.48,Perecível,Aéreo,12,17802.88
PE,ES,2241,26916.9,Perecível,Rodoviário,2,14146.74
PR,BA,848,3830.37,Perecível,Aéreo,6,5848.57
RS,SP,2335,20120.5,Frágil,Ferroviário,13,9499.71
SP,BA,2178,6729.5,Inflamável,Rodoviário,9,10447.07
RS,GO,326,7409.0,Comum,Ferroviário,14,920.38
PR,SP,982,3164.09,Frágil,Ferroviário,11,3070.59
BA,PE,2962,24721.38,Industrial,Rodoviário,11,10705.74
SC,SC,495,24175.71,Frágil,Aéreo,11,3782.99
SP,SP,1628,15948.88,Frágil,Aéreo,7,10499.28
GO,GO,1662,27127.17,Inflamável,Rodoviário,9,8042.36
ES,SC,101,15887.24,Inflamável,Aéreo,14,873.57
RS,RJ,1950,22015.58,Comum,Rodoviário,9,7392.41
PR,RS,321,18840.79,Perecível,Aéreo,10,2855.66
PR,PE,392,16930.42,Comum,Aéreo,9,2127.8
ES,RS,1853,6633.28,Comum,Aéreo,7,9770.82
SP,RS,505,8113.03,Inflamável,Aéreo,10,3977.48
SP,SP,2264,28802.09,Frágil,Aéreo,8,15086.04
BA,PR,2287,19048.3,Perecível,Rodoviário,2,14073.89
GO,RS,1202,16861.5,Perecível,Rodoviário,4,5541.38
ES,BA,2243,15974.36,Perecível,Ferroviário,4,8835.56
RS,RS,563,17858.87,Comum,Rodoviário,7,2450.85
SC,PR,2124,6506.01,Frágil,Aéreo,12,12746.63
RS,SP,2350,11082.76,Perecível,Rodoviário,6,10688.61
ES,SP,473,12817.49,Frágil,Aéreo,11,4100.3
BA,SC,254,13336.84,Industrial,Rodoviário,4,1255.47
PE,RJ,876,25370.83,Comum,Ferroviário,5,3583.97
GO,MG,2542,11175.23,Perecível,Aéreo,7,16194.24
SP,BA,2920,17123.53,Industrial,Aéreo,9,15634.48
SP,SC,456,3396.83,Inflamável,Ferroviário,3,3239.45
BA,SP,1860,6984.56,Industrial,Aéreo,11,9501.03
PE,SC,1828,19617.3,Industrial,Aéreo,11,10267.4
PR,SC,1458,16107.51,Industrial,Rodoviário,9,5429.28
SC,ES,2721,16405.87,Perecível,Aéreo,6,18063.21
ES,RS,818,26519.49,Industrial,Ferroviário,6,2675.45
SC,ES,2612,1190.8,Perecível,Rodoviário,4,10517.41
BA,ES,2777,4779.61,Inflamável,Ferroviário,8,11816.58
BA,GO,350,8644.76,Frágil,Aéreo,1,3370.73
SP,ES,2472,27016.97,Comum,Rodoviário,3,13114.38
RJ,MG,2547,23275.35,Frágil,Aéreo,7,16253.69
SC,MG,2912,14310.03,Comum,Ferroviário,12,9796.13
SC,BA,1095,21455.77,Perecível,Rodoviário,2,6953.33
GO,RJ,899,13075.27,Comum,Rodoviário,4,3262.61
SC,RS,686,17015.15,Inflamável,Ferroviário,3,4278.18
RJ,PR,203,23252.0,Frágil,Ferroviário,2,1392.56
SC,RJ,2492,15094.61,Inflamável,Rodoviário,2,16462.5
GO,SC,793,9911.42,Comum,Ferroviário,2,3603.16
GO,GO,2208,13787.91,Frágil,Ferroviário,4,8359.67
BA,SC,1211,15294.96,Inflamável,Aéreo,9,8154.8
ES,SC,1398,3028.87,Inflamável,Rodoviário,4,6280.47
BA,GO,913,8381.09,Perecível,Aéreo,12,6074.67
MG,MG,2278,15253.77,Industrial,Rodoviário,7,8603.82
BA,ES,2565,28802.26,Industrial,Aéreo,9,14760.9
SC,SP,847,10006.95,Frágil,Rodoviário,9,3816.1
BA,BA,2523,28399.54,Inflamável,Aéreo,1,25880.73
RS,GO,1069,10529.2,Inflamável,Aéreo,4,8008.05
GO,RJ,1369,29917.79,Inflamável,Aéreo,14,11172.01
SC,PR,2050,8355.69,Industrial,Rodoviário,9,7312.79
SP,RJ,2331,22212.84,Perecível,Ferroviário,5,9189.31
PR,ES,1332,21051.1,Perecível,Aéreo,13,9332.79
PE,PR,1301,650.04,Inflamável,Aéreo,10,8249.71
RS,RS,2539,6057.57,Frágil,Rodoviário,1,14548.88
ES,PE,1994,349.37,Frágil,Rodoviário,5,7669.13
PE,MG,2911,7894.78,Industrial,Rodoviário,6,10231.21
PE,RS,2706,14796.37,Perecível,Ferroviário,3,14631.21
GO,GO,2441,24869.47,Industrial,Aéreo,1,18959.71
RS,ES,1889,17259.28,Industrial,Ferroviário,2,8707.54
RS,ES,1333,9452.45,Perecível,Ferroviário,4,5539.02
RJ,PR,2242,8150.57,Comum,Rodoviário,8,8354.87
MG,SP,1448,16188.63,Frágil,Ferroviário,11,4953.63
ES,BA,1044,15217.71,Perecível,Aéreo,1,10205.48
ES,PE,1524,6867.16,Frágil,Ferroviário,13,6199.58
BA,ES,1868,14115.84,Frágil,Rodoviário,10,8342.04
RJ,PE,1676,19482.09,Inflamável,Ferroviário,7,7510.88
SP,PR,620,6140.03,Comum,Aéreo,11,3603.06
SC,BA,1150,1894.95,Frágil,Aéreo,12,6554.52
PR,ES,222,5908.77,Perecível,Aéreo,9,1438.3
MG,SC,420,11464.51,Inflamável,Aéreo,9,2983.85
SC,PE,2559,19600.41,Frágil,Ferroviário,3,13453.13
PR,RJ,2172,18228.42,Inflamável,Aéreo,2,21836.23
MG,PE,173,20032.81,Frágil,Ferroviário,14,953.15
PE,ES,2945,22959.26,Frágil,Aéreo,11,18484.41
BA,ES,2103,14731.37,Inflamável,Ferroviário,9,8510.86
PR,ES,1073,5087.48,Industrial,Rodoviário,13,3918.76
SC,PR,2068,18491.51,Perecível,Rodoviário,11,8499.68
RS,GO,809,12247.96,Inflamável,Rodoviário,2,5437.51
BA,BA,1824,21592.01,Comum,Ferroviário,7,5937.07
PE,GO,2959,3903.7,Inflamável,Aéreo,5,20615.34
MG,RJ,2660,8028.03,Perecível,Ferroviário,4,9836.51
ES,SC,345,10106.94,Comum,Aéreo,13,1818.02
ES,BA,1847,27817.23,Comum,Aéreo,6,10625.32
BA,RJ,2738,14345.32,Inflamável,Ferroviário,2,16159.9
PR,SC,349,4424.71,Frágil,Ferroviário,2,2063.53
RJ,SC,2827,28258.51,Perecível,Ferroviário,9,11098.4
SP,BA,772,6186.53,Inflamável,Aéreo,7,5395.0
ES,GO,1105,5163.97,Comum,Rodoviário,6,3796.38
PE,RS,1536,27735.48,Industrial,Ferroviário,1,7435.97
RJ,RS,2149,7802.24,Inflamável,Ferroviário,14,8890.14
PR,PE,642,16343.87,Inflamável,Ferroviário,8,3549.98
GO,SC,855,26884.23,Comum,Aéreo,2,7101.24
SC,RS,1070,1609.31,Industrial,Ferroviário,10,3206.58
ES,GO,2097,29991.3,Industrial,Aéreo,11,11400.58
RJ,BA,869,13433.45,Perecível,Ferroviário,6,3550.87
BA,SP,474,11521.99,Perecível,Ferroviário,8,1689.41
MG,SC,2194,1893.72,Industrial,Ferroviário,4,6785.16
PE,GO,1302,22267.16,Comum,Ferroviário,13,4504.72
RJ,PE,1472,26843.65,Industrial,Ferroviário,10,5052.38
RJ,SC,2359,3551.83,Perecível,Aéreo,3,20953.67
PR,BA,1320,22516.91,Industrial,Rodoviário,4,5015.94
RJ,PR,1253,14255.98,Frágil,Rodoviário,13,5341.54
RJ,SC,916,191.11,Comum,Aéreo,4,4885.65
PR,PE,566,28368.05,Frágil,Aéreo,6,4378.35
PE,RS,1527,27216.08,Perecível,Rodoviário,6,7183.65
MG,SP,2228,19442.85,Frágil,Aéreo,4,14188.52
SP,RS,774,7383.69,Inflamável,Aéreo,14,5228.34
RJ,ES,1224,18714.22,Perecível,Ferroviário,8,5264.16
SP,RJ,1563,5486.78,Frágil,Rodoviário,12,6230.88
PR,ES,2780,15366.13,Inflamável,Aéreo,7,19724.43
ES,RJ,2644,17988.38,Industrial,Rodoviário,1,13540.54
SP,RJ,2858,29031.48,Perecível,Aéreo,5,19225.49
ES,RJ,861,18512.49,Frágil,Ferroviário,11,3513.41
PE,SC,1195,9812.05,Comum,Ferroviário,8,4102.01
PR,GO,2194,28793.02,Frágil,Rodoviário,9,9044.81
RS,ES,2197,13039.77,Perecível,Rodoviário,10,9687.34
ES,RJ,1361,2446.73,Comum,Aéreo,6,7429.69
BA,GO,1310,13977.18,Industrial,Rodoviário,9,4883.67
MG,BA,2893,13588.2,Perecível,Aéreo,5,18638.54
BA,BA,2249,21283.17,Inflamável,Aéreo,9,16342.2
SP,ES,2449,6565.81,Frágil,Rodoviário,5,10248.87
SC,SC,1488,7270.01,Perecível,Aéreo,4,9568.55
BA,ES,2451,19353.69,Inflamável,Rodoviário,7,11719.66
RS,SC,392,6503.73,Inflamável,Ferroviário,1,2752.99
BA,BA,1347,23864.24,Perecível,Rodoviário,5,6357.53
ES,PE,1351,23162.61,Industrial,Rodoviário,5,5305.68
SP,RS,530,12075.72,Inflamável,Aéreo,4,3733.11
BA,RS,2657,26082.44,Inflamável,Aéreo,10,19135.48
RS,MG,2736,5590.75,Perecível,Aéreo,3,24893.55
PE,PE,2924,1540.96,Comum,Aéreo,9,15630.61
ES,BA,2830,28912.54,Comum,Ferroviário,4,10009.93
ES,PE,640,17301.33,Inflamável,Rodoviário,13,2635.01
PR,SP,645,24890.12,Comum,Ferroviário,7,1945.25
GO,BA,2327,24982.94,Comum,Ferroviário,8,7752.29
GO,MG,1857,4925.77,Comum,Rodoviário,6,6412.16
PE,GO,2870,23301.86,Comum,Ferroviário,14,9488.72
MG,SC,548,6120.79,Industrial,Aéreo,14,3300.81
BA,RJ,1659,5402.36,Frágil,Ferroviário,10,6422.27
PE,RJ,74,2894.95,Comum,Aéreo,2,355.08
PR,SP,645,12398.77,Perecível,Rodoviário,12,2627.4
RS,RS,2902,3275.95,Comum,Rodoviário,2,14532.17
RJ,RJ,326,4561.6,Inflamável,Aéreo,8,2407.08
BA,PE,1546,9153.04,Comum,Aéreo,4,8115.11
PR,SC,1686,13919.36,Frágil,Aéreo,7,10536.77
ES,RJ,2236,1537.36,Comum,Ferroviário,14,7069.5
ES,SP,2568,14762.65,Comum,Aéreo,9,13925.87
GO,PR,655,11316.24,Frágil,Rodoviário,9,2742.81
SC,MG,2661,10194.74,Perecível,Ferroviário,8,10543.51
ES,GO,2183,20233.99,Perecível,Aéreo,14,14691.73
RJ,MG,2235,28464.01,Frágil,Rodoviário,11,9867.97
ES,BA,1228,22837.21,Perecível,Rodoviário,8,5469.3
SC,SC,2286,791.08,Perecível,Ferroviário,8,8626.24
BA,SC,417,10387.47,Comum,Ferroviário,13,1381.95
ES,PR,1431,22882.13,Inflamável,Ferroviário,1,8883.54
SC,GO,2663,5528.35,Inflamável,Ferroviário,7,10612.63
RS,ES,2285,6399.75,Industrial,Rodoviário,12,7556.59
PE,SC,1687,3188.16,Comum,Aéreo,8,8995.09
SP,PR,1870,1884.28,Perecível,Ferroviário,3,9920.3
PE,MG,2837,28991.55,Industrial,Ferroviário,7,9557.98
GO,MG,2409,16991.59,Frágil,Aéreo,9,15259.61
RS,ES,2649,6096.01,Comum,Rodoviário,9,9748.29
MG,GO,1062,10420.18,Perecível,Ferroviário,4,3918.05
PE,PE,555,9280.34,Frágil,Aéreo,11,3275.5
SC,MG,1211,6978.96,Inflamável,Ferroviário,2,7371.37
BA,MG,2464,3541.75,Perecível,Rodoviário,14,10220.61
ES,RJ,1119,27092.38,Frágil,Rodoviário,8,5228.44
RS,MG,2896,3690.12,Industrial,Aéreo,14,14750.53
RJ,SP,886,12416.48,Inflamável,Aéreo,6,6391.19
SC,GO,361,6265.14,Frágil,Ferroviário,14,1025.94
MG,RJ,1618,3276.68,Frágil,Ferroviário,12,5481.18
SC,RS,708,16872.92,Perecível,Aéreo,9,5690.82
MG,SP,1353,12609.59,Inflamável,Rodoviário,6,6093.19
MG,PE,629,11554.98,Frágil,Aéreo,4,4438.7
BA,SP,2558,12781.44,Inflamável,Rodoviário,1,16917.24
SC,SP,945,16926.72,Frágil,Aéreo,2,8710.96
PE,SC,2520,14615.13,Frágil,Rodoviário,14,10360.43
PR,PE,2846,5806.9,Industrial,Ferroviário,7,8817.97
PE,ES,325,17774.44,Frágil,Aéreo,4,2644.8
ES,MG,469,27167.09,Inflamável,Ferroviário,3,3913.83
ES,SC,1107,27511.52,Inflamável,Rodoviário,13,5466.99
GO,RS,1722,17608.84,Perecível,Rodoviário,13,8010.55
PR,MG,1378,27739.35,Perecível,Ferroviário,4,6066.57
SC,SP,1604,14237.29,Industrial,Aéreo,1,12781.1
PR,SP,1234,13218.36,Comum,Aéreo,6,6694.61
PR,SP,1722,15706.39,Comum,Ferroviário,8,5789.23
SP,SC,2684,22663.12,Frágil,Rodoviário,2,15204.34
RS,PE,699,12811.72,Perecível,Ferroviário,4,3111.78
PE,ES,1601,9998.6,Industrial,Ferroviário,8,5739.52
MG,BA,1971,18798.04,Frágil,Rodoviário,8,8269.15
SP,ES,2616,8954.1,Inflamável,Ferroviário,6,10727.58
MG,SP,734,25221.87,Industrial,Rodoviário,1,4304.69
SC,RS,2837,22560.17,Industrial,Ferroviário,4,9445.57
RJ,PE,1956,19204.31,Frágil,Ferroviário,4,7007.27
RJ,BA,2510,26231.17,Perecível,Aéreo,3,23686.62
BA,GO,1514,21154.25,Perecível,Aéreo,10,10092.74
RJ,PE,701,29073.52,Perecível,Rodoviário,10,3585.16
RJ,RJ,2890,19047.25,Comum,Rodoviário,7,10370.72
SC,PR,1663,24893.56,Industrial,Aéreo,13,8877.14
PE,ES,1631,23851.52,Perecível,Rodoviário,5,7616.84
SP,PE,2235,15681.74,Industrial,Rodoviário,4,7648.3
PE,ES,1404,29374.97,Comum,Aéreo,3,11566.71
SC,SC,1435,21675.92,Industrial,Aéreo,1,11146.54
SC,RJ,144,4249.48,Industrial,Ferroviário,6,481.22
PE,PR,1953,6427.46,Perecível,Rodoviário,12,8375.26
BA,SC,122,29814.75,Comum,Ferroviário,7,1111.43
PR,ES,2500,12449.38,Frágil,Aéreo,12,15421.73
BA,RS,702,19681.74,Inflamável,Aéreo,8,5039.29
MG,SP,1814,14078.5,Perecível,Aéreo,8,11914.38
GO,PR,1209,17682.67,Inflamável,Aéreo,4,8922.18
MG,ES,2304,5104.18,Perecível,Aéreo,7,14387.9
GO,RS,2913,5123.48,Industrial,Aéreo,13,15288.76
BA,PR,2387,11389.19,Perecível,Aéreo,7,15526.53
PR,RJ,1257,7342.27,Inflamável,Aéreo,12,8900.04
RS,PR,2333,384.54,Perecível,Rodoviário,11,9640.95
SC,GO,476,12713.93,Perecível,Aéreo,3,4796.24
PR,SP,258,17841.55,Perecível,Aéreo,7,2438.1
MG,BA,2182,17358.58,Comum,Aéreo,9,12054.25
GO,PR,906,25105.04,Frágil,Rodoviário,3,6255.7
GO,BA,2617,12890.24,Comum,Rodoviário,10,9514.37
SP,GO,2441,24106.47,Industrial,Ferroviário,3,11403.52
PE,RJ,732,19141.29,Industrial,Rodoviário,3,3946.41
PE,ES,2204,14046.11,Industrial,Ferroviário,7,7096.02
RS,GO,156,24449.69,Perecível,Ferroviário,5,1015.91
SC,SC,1065,1410.87,Frágil,Ferroviário,12,3975.35
PE,SC,2138,12137.79,Perecível,Rodoviário,10,9103.56
ES,PE,596,21291.88,Frágil,Aéreo,5,4245.37
PR,SC,800,12681.15,Frágil,Aéreo,9,5270.52
GO,RJ,2225,25973.04,Inflamável,Rodoviário,11,10477.53
MG,SP,1767,25193.46,Inflamável,Aéreo,6,13452.54
SP,BA,2889,8098.71,Perecível,Aéreo,12,18293.89
PE,GO,610,1338.42,Inflamável,Rodoviário,6,2583.32
GO,BA,1239,16061.3,Inflamável,Aéreo,3,12501.7
ES,PR,2401,1991.68,Perecível,Rodoviário,12,10725.33
GO,SC,2738,2303.99,Frágil,Aéreo,10,16384.74
PR,RS,484,10079.29,Industrial,Ferroviário,8,1812.91
ES,PR,2954,18143.54,Comum,Rodoviário,8,10816.03
GO,PE,1554,28709.25,Comum,Aéreo,12,9207.29
SP,SC,1513,13013.16,Industrial,Rodoviário,7,5397.8
ES,MG,2883,22544.42,Comum,Ferroviário,13,10239.96
ES,SP,189,23481.48,Perecível,Rodoviário,7,1536.01
BA,RJ,261,23214.85,Inflamável,Aéreo,1,3734.59
RJ,RJ,2805,7218.1,Frágil,Rodoviário,4,11343.21
PR,SC,1872,4603.04,Comum,Rodoviário,4,6702.2
GO,PE,1453,2401.35,Industrial,Aéreo,7,7804.08
BA,RS,757,3694.33,Frágil,Ferroviário,5,3241.13
PE,GO,922,17508.01,Inflamável,Ferroviário,2,6383.07
MG,BA,1238,24044.12,Frágil,Ferroviário,11,4575.34
ES,GO,1963,17669.54,Perecível,Ferroviário,1,11020.2
SC,RS,2776,11099.3,Frágil,Ferroviário,2,14626.65
BA,ES,1614,19267.04,Inflamável,Aéreo,2,16445.65
MG,PR,2321,19791.69,Frágil,Aéreo,14,14555.48
MG,SP,445,19899.82,Comum,Rodoviário,10,2199.42
BA,PE,1509,7407.38,Industrial,Ferroviário,6,4463.89
BA,ES,103,20711.09,Comum,Rodoviário,12,735.51
GO,BA,2721,18738.67,Inflamável,Rodoviário,4,13151.76
GO,PE,2071,21099.07,Comum,Rodoviário,3,10829.68
RJ,SP,1094,18968.19,Frágil,Ferroviário,14,4194.91
PE,SP,439,10701.41,Industrial,Rodoviário,12,2354.68
PR,SP,1112,1253.96,Comum,Ferroviário,1,4939.13
BA,ES,2783,5982.13,Comum,Ferroviário,1,12064.96
GO,SP,2258,23579.05,Perecível,Rodoviário,4,9862.9
PR,GO,2190,7031.15,Industrial,Rodoviário,3,10682.84
GO,SP,405,15371.78,Inflamável,Rodoviário,10,2124.54
ES,SP,1373,25209.29,Inflamável,Aéreo,3,14673.68
GO,RJ,1803,18665.42,Industrial,Rodoviário,13,7217.49
SP,GO,2574,24081.68,Frágil,Rodoviário,3,15110.04
MG,MG,1944,20761.37,Inflamável,Ferroviário,8,7946.78
ES,GO,2372,6706.04,Perecível,Rodoviário,5,10402.97
MG,GO,369,1613.93,Perecível,Rodoviário,9,2043.94
SP,BA,261,15753.08,Frágil,Ferroviário,9,844.18
GO,GO,315,8562.95,Inflamável,Ferroviário,1,2241.26
GO,RJ,120,20197.59,Perecível,Ferroviário,14,1350.21
SP,RJ,456,17921.99,Inflamável,Rodoviário,8,2265.06
SC,ES,321,2908.95,Frágil,Rodoviário,12,1477.29
GO,SC,1580,14713.74,Perecível,Ferroviário,10,6910.21
BA,RS,2116,15259.83,Comum,Aéreo,9,11356.96
SC,MG,208,22243.63,Comum,Rodoviário,10,1762.65
BA,GO,1407,25992.72,Comum,Ferroviário,14,4732.01
MG,RJ,2644,19838.45,Inflamável,Ferroviário,11,11915.05
MG,ES,1608,28181.36,Perecível,Rodoviário,11,7099.18
BA,RS,1281,7556.51,Frágil,Ferroviário,14,5102.24
GO,SC,2281,14011.93,Perecível,Aéreo,10,15070.82
MG,MG,2577,18921.47,Industrial,Aéreo,5,13735.28
PE,ES,777,3814.98,Perecível,Ferroviário,9,3163.07
RS,RJ,969,4955.77,Frágil,Aéreo,3,8822.33
MG,RJ,1827,4276.84,Frágil,Aéreo,8,11080.58
SP,PR,2231,22204.72,Perecível,Aéreo,3,20497.72
MG,RJ,2159,20227.43,Comum,Aéreo,2,17247.43
RJ,SP,2229,751.5,Frágil,Rodoviário,5,9329.34
GO,PR,2158,912.84,Perecível,Ferroviário,9,8430.49
ES,RJ,866,14014.11,Frágil,Rodoviário,2,5361.53
SC,PE,2807,7910.21,Comum,Ferroviário,8,9049.88
MG,PR,2430,14917.3,Perecível,Aéreo,2,22374.92
RS,SC,1799,5378.48,Perecível,Rodoviário,6,7451.74
MG,GO,1235,10188.6,Comum,Rodoviário,12,4692.02
MG,SP,2900,27577.43,Perecível,Rodoviário,6,12330.24
SP,MG,2175,5786.01,Comum,Rodoviário,4,7877.51
RJ,MG,2806,27423.16,Comum,Ferroviário,3,13665.86
RJ,MG,1475,26079.42,Perecível,Aéreo,13,10318.58
PR,SP,711,13838.41,Industrial,Ferroviário,13,2756.78
BA,BA,741,18259.44,Industrial,Ferroviário,10,2517.01
GO,ES,2893,3009.98,Comum,Aéreo,2,21286.88
PR,MG,1297,28692.32,Frágil,Rodoviário,2,8515.15
RS,PR,1945,13969.97,Frágil,Aéreo,9,12305.19
SP,PR,361,13920.58,Frágil,Rodoviário,10,1325.09
BA,RJ,2762,12467.26,Industrial,Rodoviário,4,10026.25
GO,SP,796,12512.35,Frágil,Rodoviário,13,3699.78
MG,MG,1403,25053.28,Frágil,Rodoviário,13,6629.53
SC,RS,2985,5562.3,Industrial,Ferroviário,8,9737.89
BA,PR,1181,6437.52,Frágil,Rodoviário,4,4763.02
RJ,SC,1694,19084.56,Inflamável,Aéreo,12,12095.45
RS,RJ,535,27957.75,Perecível,Aéreo,12,4994.19
BA,PE,2226,28694.06,Frágil,Ferroviário,2,11873.55
GO,PE,1224,17218.2,Frágil,Ferroviário,7,4318.69
RJ,ES,436,2582.25,Comum,Rodoviário,1,2315.23
PR,RS,328,18266.46,Perecível,Aéreo,6,2365.97
RJ,PE,2989,24259.02,Industrial,Rodoviário,7,10826.27
ES,BA,2797,8097.57,Comum,Ferroviário,7,8826.3
PE,BA,778,9279.72,Comum,Aéreo,3,6080.04
PE,PE,1246,10891.63,Comum,Rodoviário,6,4927.12
SC,MG,933,3226.55,Perecível,Rodoviário,10,4195.99
GO,GO,2857,23693.35,Perecível,Aéreo,13,18969.68
PE,BA,695,4463.67,Frágil,Rodoviário,7,2868.52
SP,BA,1681,18099.73,Inflamável,Ferroviário,6,7501.47
BA,PR,848,24936.25,Perecível,Aéreo,13,6248.67
PR,RJ,2162,17708.06,Comum,Ferroviário,13,7505.14
SC,SC,2899,28654.73,Perecível,Rodoviário,6,12844.05
PE,BA,160,12002.3,Comum,Aéreo,1,1884.23
SC,BA,1601,4922.71,Comum,Ferroviário,3,7276.91
SC,SC,2652,28544.69,Industrial,Ferroviário,6,8530.04
SP,PE,1314,20717.43,Inflamável,Rodoviário,11,6058.24
BA,ES,1146,9159.8,Inflamável,Aéreo,2,11151.91
PR,SP,252,5753.98,Frágil,Rodoviário,9,1373.48
BA,GO,391,10281.8,Comum,Aéreo,6,2171.6
BA,PE,895,27054.25,Perecível,Rodoviário,4,4240.75
PR,PE,255,236.77,Industrial,Ferroviário,5,764.43
RS,ES,2392,11073.68,Industrial,Rodoviário,12,8120.7
RS,SP,1588,22849.54,Inflamável,Aéreo,8,11864.03
GO,SP,2151,17287.7,Inflamável,Aéreo,12,14968.2
SC,ES,2735,7337.86,Perecível,Rodoviário,4,11764.46
MG,BA,1310,20152.58,Perecível,Aéreo,14,8551.84
GO,MG,2558,21784.2,Perecível,Aéreo,13,16950.18
RS,SC,330,22370.61,Industrial,Aéreo,1,3133.39
PR,RJ,1687,11037.57,Comum,Rodoviário,6,6108.46
RS,ES,426,26077.16,Industrial,Aéreo,7,3544.9
ES,PE,924,11491.39,Industrial,Aéreo,4,5315.11
GO,SP,1551,11897.73,Inflamável,Ferroviário,1,9765.81
PR,PR,2206,17539.25,Frágil,Aéreo,6,14205.14
PR,GO,2855,27029.92,Inflamável,Rodoviário,13,13392.85
GO,RJ,939,26635.3,Inflamável,Rodoviário,8,5057.75
BA,RJ,1728,15636.77,Perecível,Aéreo,8,11634.47
ES,RS,292,25007.36,Comum,Rodoviário,1,1978.56
GO,SP,1562,16215.13,Inflamável,Aéreo,12,11112.04
SC,SP,2816,15180.75,Inflamável,Aéreo,2,27573.91
PR,GO,879,27207.08,Perecível,Rodoviário,10,4245.31
ES,BA,1908,19654.24,Industrial,Ferroviário,5,6195.53
ES,GO,2791,2761.66,Inflamável,Rodoviário,2,17746.96
MG,RJ,1212,12721.16,Comum,Aéreo,1,9141.88
SP,MG,2037,12870.74,Comum,Ferroviário,4,6660.59
MG,SP,1146,24765.38,Frágil,Aéreo,6,7554.56
SC,BA,1888,22037.75,Comum,Aéreo,10,10659.44
MG,SP,2465,24735.5,Inflamável,Ferroviário,5,11119.86
SP,MG,957,2053.22,Perecível,Ferroviário,8,3852.31
RJ,MG,2638,9197.35,Industrial,Ferroviário,6,8486.1
ES,GO,2487,29744.81,Inflamável,Rodoviário,10,11951.98
RS,RS,2703,2581.57,Inflamável,Aéreo,11,18596.86
RS,RS,472,12836.7,Industrial,Rodoviário,1,3260.65
PE,GO,830,20131.76,Comum,Ferroviário,2,4189.61
RJ,GO,474,24736.58,Perecível,Aéreo,5,3958.51
GO,GO,610,24548.28,Perecível,Rodoviário,11,3479.52
RJ,PR,199,13660.0,Frágil,Ferroviário,10,1047.79
SP,GO,1108,26143.79,Comum,Aéreo,3,9004.14
PE,PR,2792,3720.55,Frágil,Ferroviário,12,9816.19
PR,SC,1193,2505.69,Perecível,Aéreo,10,7737.36
GO,PE,1998,809.37,Perecível,Aéreo,4,13007.65
SP,SP,1297,136.74,Comum,Aéreo,10,7030.06
SC,ES,2372,17483.53,Comum,Rodoviário,1,11942.98
RJ,BA,391,8643.14,Inflamável,Aéreo,7,3132.66
PR,RS,1886,9436.03,Perecível,Aéreo,8,12368.58
PR,GO,1266,6734.91,Inflamável,Rodoviário,4,5792.41
PR,PR,1945,14404.52,Industrial,Aéreo,6,10697.83
PR,PR,471,13575.87,Comum,Ferroviário,8,1813.88
RS,SP,2446,9418.58,Inflamável,Rodoviário,4,11554.97
MG,SP,1447,22195.23,Frágil,Aéreo,6,9984.15
RJ,PE,149,22060.21,Frágil,Aéreo,14,2183.89
MG,MG,1970,14362.3,Perecível,Rodoviário,11,8873.03
PE,SC,806,8542.24,Comum,Aéreo,11,4380.98
GO,SC,180,1116.04,Perecível,Aéreo,3,1590.6
SC,PR,2976,26432.41,Inflamável,Aéreo,1,30132.66
GO,SP,1627,19083.27,Industrial,Aéreo,1,13015.72
MG,RJ,2872,19194.73,Perecível,Aéreo,11,18983.02
MG,SP,1995,8941.55,Comum,Ferroviário,6,6623.59
PE,MG,581,18432.13,Frágil,Aéreo,1,5734.29
GO,MG,373,20488.41,Comum,Ferroviário,10,1686.4
PE,GO,303,4934.48,Comum,Aéreo,3,2946.4
SP,SC,952,1422.21,Perecível,Rodoviário,12,4350.08
SC,SP,2519,6420.6,Comum,Rodoviário,12,9176.26
BA,PE,2362,17027.31,Inflamável,Aéreo,11,16951.24
RJ,PR,66,3754.99,Inflamável,Ferroviário,5,391.72
RS,ES,932,10575.14,Industrial,Aéreo,1,6674.29
SC,SC,424,21383.35,Perecível,Rodoviário,5,2282.89
RS,BA,1385,5127.56,Frágil,Aéreo,12,9183.67
RJ,RS,1021,17495.95,Comum,Ferroviário,9,3935.34
SC,BA,439,11635.64,Industrial,Aéreo,6,2652.58
PE,BA,2077,2770.63,Comum,Rodoviário,10,7140.68
PE,SC,1168,20867.99,Frágil,Aéreo,14,7759.3
BA,ES,1517,25274.33,Inflamável,Ferroviário,1,9671.47
PE,RS,1202,3080.91,Inflamável,Rodoviário,12,5757.22
RJ,BA,1563,9128.23,Frágil,Aéreo,12,9403.64
PE,BA,1882,25269.53,Inflamável,Ferroviário,9,8113.98
PE,PE,867,25078.61,Perecível,Ferroviário,6,3155.76
RS,SC,2527,1903.71,Comum,Aéreo,8,13055.17
BA,BA,290,9774.07,Comum,Rodoviário,1,1365.01
GO,ES,1604,17140.97,Comum,Aéreo,3,12926.35
RJ,SP,1761,8905.63,Industrial,Aéreo,10,9422.35
RS,BA,735,25621.65,Comum,Aéreo,10,3930.94
PR,GO,2499,3944.91,Industrial,Ferroviário,3,10873.72
GO,ES,200,9776.37,Comum,Rodoviário,10,1428.04
GO,RJ,2351,18275.42,Inflamável,Aéreo,12,16588.89
SP,ES,2554,21971.88,Perecível,Aéreo,14,16968.06
RJ,PE,1029,20378.17,Perecível,Ferroviário,5,4215.2
BA,BA,1472,28511.82,Frágil,Ferroviário,2,8078.2
RJ,MG,866,18737.95,Perecível,Rodoviário,5,3874.13
GO,PR,626,13081.22,Frágil,Rodoviário,11,2751.48
RS,PE,1939,18492.39,Industrial,Ferroviário,14,6481.02
ES,PR,2396,16627.48,Industrial,Ferroviário,2,10834.39
BA,BA,240,15791.06,Perecível,Aéreo,3,2908.67
RJ,PE,2469,5612.21,Industrial,Rodoviário,2,12533.2
BA,RJ,985,19786.29,Comum,Aéreo,2,7924.07
BA,RJ,1700,20190.17,Comum,Aéreo,13,9796.37
GO,PR,2723,25933.25,Perecível,Aéreo,7,18482.83
RJ,ES,1240,12265.36,Industrial,Ferroviário,2,5763.07
RS,RS,2064,5123.9,Perecível,Rodoviário,14,8375.59
RS,SP,1120,9853.46,Perecível,Rodoviário,6,5375.87
SC,PE,2075,23154.16,Inflamável,Aéreo,3,20815.81
PE,PE,2888,21268.96,Inflamável,Ferroviário,8,12105.48
SC,PE,995,6542.31,Comum,Aéreo,5,5250.83
PE,SP,484,6552.72,Industrial,Aéreo,4,2346.93
SC,ES,1730,26017.52,Industrial,Ferroviário,2,8147.05
BA,SC,424,5626.26,Inflamável,Ferroviário,6,2729.97
PE,PR,2078,19913.51,Inflamável,Rodoviário,6,10130.33
MG,ES,500,26874.76,Perecível,Ferroviário,3,3249.93
GO,GO,2244,18720.85,Industrial,Aéreo,8,11775.51
RS,PE,2561,22838.84,Inflamável,Aéreo,2,25241.88
PE,GO,1495,3579.97,Comum,Aéreo,4,8204.81
PE,MG,1365,10019.31,Inflamável,Ferroviário,9,5682.15
RJ,SP,2422,8814.12,Inflamável,Ferroviário,12,10179.96
GO,RJ,2513,15250.1,Frágil,Ferroviário,1,12776.98
SP,PE,300,15708.25,Comum,Rodoviário,2,1897.82
ES,PE,1173,18353.05,Inflamável,Rodoviário,5,5928.28
RS,PR,1722,22122.2,Comum,Ferroviário,10,5732.02
PR,BA,812,18424.23,Comum,Ferroviário,14,2846.73
PR,PR,291,1445.36,Comum,Rodoviário,12,1611.87
MG,SC,1217,28977.78,Frágil,Ferroviário,2,6606.22
RS,MG,1592,20536.29,Frágil,Aéreo,1,14691.18
SP,GO,2889,7086.51,Perecível,Rodoviário,12,12786.94
GO,SC,1821,8557.16,Inflamável,Rodoviário,9,8963.63
PR,PR,2616,8361.07,Industrial,Aéreo,8,13870.54
SP,PE,2938,26632.32,Industrial,Aéreo,9,16589.72
ES,PE,140,11783.81,Industrial,Rodoviário,9,-8.04
RS,RJ,2743,2417.06,Comum,Rodoviário,5,9459.54
RJ,PE,2532,2521.32,Frágil,Rodoviário,8,10062.05
GO,RJ,927,26238.19,Inflamável,Aéreo,5,7056.98
RS,SP,1110,18065.89,Inflamável,Aéreo,13,8146.11
PE,RS,693,24381.07,Industrial,Ferroviário,8,3008.65
BA,SC,1868,1172.32,Frágil,Aéreo,1,15704.87
SP,PE,1358,21016.62,Perecível,Ferroviário,11,5490.41
MG,GO,384,6573.66,Perecível,Aéreo,7,2437.09
RS,SC,268,2302.81,Industrial,Rodoviário,8,924.8
MG,SP,2282,25509.77,Industrial,Aéreo,6,13051.28
SP,BA,135,28614.41,Comum,Rodoviário,7,958.48
GO,ES,2969,6209.18,Comum,Aéreo,4,15785.41
PE,PR,1135,21270.45,Industrial,Aéreo,3,8817.87
GO,PR,1244,8328.11,Industrial,Aéreo,9,7216.57
